{"c":[137.66999816895,137.88999938965,138.7799987793,137.69000244141,137.61000061035,135.4700012207,135.58999633789,134.47999572754,134,134.39999389648,134.30999755859,134.52000427246,133.19999694824,133.83999633789,134.33999633789,135.9700012207,135.08999633789,133.77000427246,134.44999694824],"h":[137.74000549316,138.75999450684,138.7799987793,139.13000488281,137.61000061035,137.19999694824,136.66000366211,135.58000183105,134.33000183105,135.11999511719,134.47999572754,135.38000488281,134.46000671387,134.16999816895,134.64999389648,136,136.14999389648,135.71000671387,134.52000427246],"l":[136.22999572754,137.63000488281,137.55000305176,137.58000183105,136.16000366211,135,135.02000427246,133.83999633789,133.33000183105,134.0299987793,133.22999572754,134.46000671387,132.75,132.97999572754,133.58999633789,134.35000610352,134.77000427246,133.61999511719,133.0299987793],"o":[136.24000549316,137.80000305176,138,137.86999511719,137.58000183105,137.19999694824,135.86999511719,135.38999938965,134.13000488281,134.38999938965,134.30000305176,134.88000488281,134.05999755859,133.39999389648,134.19000244141,134.4700012207,136.14999389648,135.35000610352,133.60000610352],"s":"ok","t":[1572825600,1572912000,1572998400,1573084800,1573171200,1573430400,1573516800,1573603200,1573689600,1573776000,1574035200,1574121600,1574208000,1574294400,1574380800,1574640000,1574726400,1574812800,1574985600],"v":[3335389,3014961,4477291,4073908,2278602,2568755,3046536,3060924,4231471,3262656,3210872,2995071,4140148,3345343,3297797,2590170,3793337,3282827,1825255]}